,CODDEPTO,DEPARTAMENTO,AÑO,Hectáreas cultivadas,Valor agregado
0,5,ANTIOQUIA,2011,3105.0,444.99152441697382.359757552527811401.442178220304946.1776829331024350.46503003849257236.7780404728014840.349887639132435.79583249699607738.1873156402561296.2866705881804665.4207749471161525.3088300592684148.99445577504832134.55154753306573522.319755953879133.52288493521678197.72435981627424139.5515321605362875.6188442284445716.5981077301593295.4620670686917115.17242298522864277.7514311282217277.1446627442234357.05841620292983276.04393501411687152.65290731920072256.5216716188369346.8220816921294480.728542595777531.23731460791047786.64989792791494176.54148271936432120.39307148137684149.5359532113186453.2350653518691350.8398423966336479.27631282974591.362420011544838.20817309739811493.004334042158545.73614185181994222.3881125669769390.34830577193328110.1529114158648431.770406420077844.46119307476653359.2901009009237186.3050628890188974.0658165335014239.2797703156017
1,5,ANTIOQUIA,2012,2725.0,487.6893894034082686.979880650341191365.880454784496651.9254494967146455.40609719311273294.537115114437848.5979387725888442.62022795056811821.6316949157954346.7191865537151916.3461160143532618.4669972931575150.24114632711712160.93644435175548696.9944666900731165.7687960953737215.57905239758975182.650915147470172.9862421762983324.12924772452364145.41293793314395110.97137153636984181.5468845110937304.41773312089026436.8461358731972316.0582030566976152.59783515994997306.524458504921352.28148441974599520.370918954403135.8536548494535992.6633187158292245.4654924869224133.47327930456913158.4682937471577499.5026591121293446.587218194441538.5871813136761394.225686700550749.204225560590061519.280884730792449.33317037872367251.3744833836030487.67629715408034170.4327269926039634.4629262140991450.48840797365068405.64454055315457194.292544232914051201.1543784304822302.74525744599885
2,5,ANTIOQUIA,2013,991.0,501.8669845755195104.684793154402881490.38237202154651.1974731557890850.82828162799717304.771404749367252.2023824554639141.54220530829133871.3438185038656408.67666502918181100.93966682292571.972014861994152.64507401858884186.54077661430784788.7411737794691163.93285008244106223.52208557882608179.227822472721772.4171891109973826.54408797019144101.65044975177504115.37371747920524202.67199598243437316.3079973019932426.4424026366104436.63428632049033135.39690854627503298.6494785175814365.82605748786008522.923083701296337.3887939728839298.0204177740062202.15488600375903138.9714782892427162.68910802575357525.2003347778059638.4711324143663558.6272928157418300.81677240072157.879899984005491599.9995594951147.40657672968669335.70399284404107105.46849858355768116.3033268541437235.7370977938419450.72772528659368408.12829183172255201.573554452915031031.2046849106237255.26722979813337
3,5,ANTIOQUIA,2014,2293.0,532.6753796590956140.43257792659491488.97409254343755.5692787613579257.15525169152352314.444843216677159.2281480180092346.68635398718649793.1788517134415480.40138731899697950.4636502863639.0099823095763150.11904965556693216.58989607993664689.4294680837259172.32943179291252212.0723358159156193.214122558275978.2953291567945436.30286026741352115.4749646847759116.07761366565506201.85141397325563348.3303362147846458.0297919844807422.3109571395036156.47720783910313409.530288523825376.51491627981999546.307687001668339.18287396942857102.2910832786285232.6455910388888145.58617561994183165.4468914337934615.1666218461486553.2600359624486648.5374210697306310.81660344158864.684162332498191617.479814207077754.93683480353388319.88692191477264108.20444379277696239.0431359611775740.0987942123327655.49774423790237453.0237576932586207.48701327505131362.1532790088215293.21577396322004
4,5,ANTIOQUIA,2015,2402.57,551.307346345731154.129421917348941846.38125646868254.3080288923307858.53945787501195321.567025892612156.1331011429100748.189710999987331019.7237844826858466.9369925693554840.572746170291727.4095751284992127.15387414412815236.3218639307311822.530911253727164.80120511976395233.24835760804905190.1583475552352577.082917826568633.891487082133864122.8323486192242889.58749970425013196.2750061351541376.37451013579846453.3520406153699370.36857160311575151.59080449666223327.791667931923871.64413758248008574.556348719841439.56630470157408101.37438182076431246.65281653156225148.5603911178184157.0061735880884616.1788347939956510.2978328198454789.0299830955131265.185031167224959.1065645210220941900.86000463625555.166621757754825345.0121046319025111.1095309000864121.6905668738726448.6449424719185857.84997641471474460.2860404004277179.51701126262122946.4032928327156439.18450478240106
5,5,ANTIOQUIA,2016,8855.28,663.8822803573856199.568092175588251972.44664975162859.66208007460933559.09851564952108426.443874201421759.73989272588650653.990710122436511149.3891288166735560.4816035663248876.2257664369633815.3138904598163140.77079516668368225.07601154867471072.309493205121175.0854473293773272.44182854344336209.484027845582291.9334769804790435.428335443499584145.6015825406494791.41838934434055319.43302878942825420.7256463214278498.1538267670325380.8741406871694167.5155238243747465.3481992358648572.6503131077892671.207058134058770.0792836380372108.38322506896012264.301976095918178.6212656635737186.26763353775448757.868787043277546.3609327824317737.5774821032703315.3633915164092561.617182220528222127.433291974861358.48033009465982366.28525048942055117.04606478850164121.7748270422720255.5491175774510665.75559064819187494.28045531277166189.8885934732295669.4533059588146490.6069903804748
6,5,ANTIOQUIA,2017,13680.83,667.643943535387143.405165818488062204.38947642571272.7046059900378572.59976578311893383.768627570220764.7789628151040246.766656817022051005.387571647238547.8856786777279987.7024322659468820.6206764553995142.01194896990327240.5815016807075887.8685406581219176.72602376997446286.722976438007223.36202017318389.471622171312238.28170008666715168.59740730885399.73026799434922290.96238568482283454.9655890735255584.7560540984067387.3368900537889173.01919868205886529.022321628941789.77126858527555687.975365279167470.37083809343748109.78671216864768267.86129499419405185.50458031753607195.6626022975485973.1127295902792583.4082271664004741.3544804425082269.627173936650865.926744157417082072.89473858629462.51071181031764491.147309341662125.00523021120516124.1891845531013661.59044227189864564.72379801395122525.2759981496135201.37166375549856817.2803455699575374.58357838955
7,5,ANTIOQUIA,2018,13403.09,742.7540645669222159.435439778838972344.82412249900574.0545942074661580.10630839565104415.7818565570870.5949268714189549.658218901825261072.432790857652592.81876117564231179.323884715168880.2669361998255150.93701513786004248.8023493252006848.9115983080151193.7049805056335319.74201465996083234.5028375965983798.4614414760936438.78141363394258216.287135379739699.81479282575872258.6639852693745477.802097002128588.8957445916299446.8262508687216193.9759657508717569.88969969773181.65800724790762758.887425928843465.33284419788484114.780162721273265.34186018522314205.61314026745455198.13248421915521001.24648193997771.7238970004939793.9341350644759289.952323567775373.826132838543512227.688495549230571.8509277123793520.5599092169987132.9955402588885129.7458709783840669.2480217204565873.5299784381578571.9146668707875224.9318188564638962.284141279334388.545740208903
8,5,ANTIOQUIA,2019,9481.93,797.0222981340535163.634905982746122462.64591258538669.7441224277179473.19379105736971412.999888116090574.5413037535880153.261862118912311148.703928545887749.16338065005931352.6934687545877887.7113052957253157.9354731993522298.42646881629605784.2437557056138218.96127614386984350.0830732472329250.9147026698315104.2294717992690448.94600225172227243.0206896136928102.52324957512184305.2747576299436506.8126964933064663.9203831406367481.3662816853385199.3051550368928782.912496205909785.91788713786664820.473686775263170.39384523321972123.08335265487536282.5855332401169223.52681179863285200.84182911064028955.827973493145985.27720685704561178.5930546210082321.348764282175781.726207561940752292.837500569320689.41655201044429769.1319869112845130.51588932845368130.9753278601652480.7223535574332477.48695057813487611.3020386569206234.59144482914343935.7723986576522430.3114128246816
9,5,ANTIOQUIA,2020,12090.19,869.5580651116113171.834377991215232491.9179307036968.4270959245277691.31196478142563394.9389291015714368.519629136496457.380372194046941214.2687710711978722.56592032814941699.5736348417997934.6689272295868149.45211317228217265.94174616022497944.3323995902089281.97285004553754369.9091272950741234.6373322998322109.8261535359063745.90987945884124209.5336677897647399.37318892458387297.13615002039205509.9991635717583649.1975569046525433.21063617229146212.101761930879351130.565790343499982.64863424886977884.030570014814871.06081338055478115.10916634619893267.398531608291220.11516742575574208.298952273369761023.29555478984121192.34214840886934.4045332389458303.8031702315301579.923101464388132301.98415884048294.32319158724769824.1577329294844124.33461023185886123.6343532412552881.8281727025028370.96142956429846562.0004939033128235.6432750164792686.5791668953183418.5749894512637
10,5,ANTIOQUIA,2021,16980.91,973.8570672787598226.233388939183072957.14115776883787.95646565523663116.25802562329432422.838490742284583.6166557951993962.240735792120451395.1791063114597788.30279215624182277.14467280724651118.2078179789798178.1472853715306332.92036800723591186.9498168108094270.4438903766975437.5620120193359280.67870973587725133.130647202813952.75218894231483231.09737284625112129.27332219515128322.42778746937256647.9166344293383730.5926496359609549.5432170056503233.611517811280551513.0755417318735101.212944210005081018.1122113069184.29671761635228138.32549599232894326.5132103749052262.6497639063315247.992093384765441312.73235196075441065.14774815394371149.597425837077357.49239177019746106.601219287271162712.7588840680087119.001596322768241098.9141986061504150.53514676231444155.5913053545582297.4072541145493283.81957474568321664.8159348973625282.550039882553731039.1824457530454377.63546836016593
11,13,BOLÍVAR,2011,2207.0,120.7470245297961239.8140926043683135.1662936625613969.6377394042342775.72866536490442.20615471606132173.72122314136175114.4225052649906842.7277088479659469.7777731328724867.4543059144427358.88850216514957301.4880999149733241.67528550391984154.5781334221818581.23226726145754
12,13,BOLÍVAR,2012,1968.0,152.06375783809947.62903458775378640.4944255223691384.21831148174482764.834501299435651.48166975426586690.45749426493956232.6050569783834320.89427110764682375.6088588649696889.025936466571870.56628965193791227.4012550710028336.5908783565127192.84909406028385116.948211415734
13,13,BOLÍVAR,2013,925.0,164.069819004966452.0388860539717249.52750757927195104.19466148038389754.361222306033756.7748054842231587.24393838661506134.9014342608610442.0375258376547780.0541527727460298.8711312933601277.93491911838038233.41622318300904414.72485043747247238.65696593030387132.20161411809633
14,13,BOLÍVAR,2014,1565.0,166.1220119332669554.9977123303845154.0602321256271588.387780440639638.796787207221961.4497092447551781.56668643015081164.445396186419238.2511034495070683.5029530099459583.5848268681329886.35431540521847248.6466587192873298.1430033456716206.0199246034589120.86105264352231
15,13,BOLÍVAR,2015,1043.02,173.2229847903543656.66115908192491449.7210211206967196.57407549721285499.319149337408168.9723598694775494.44188756344528155.0508211842818644.9688812832942987.5649676939467395.89438101878218101.02783127273254252.11355158704583266.89390090719445343.4062939389298113.05279319039646
16,13,BOLÍVAR,2016,4094.2799999999997,196.3776862595276566.6344029574146567.8548749130687897.89318682174296407.287081280969662.77430335688939105.19881264826812230.1803444727898466.49424786371259102.00657648030123104.26507835990212100.37042561884113278.0997567333633278.9565497802198388.2203927093164134.5960230043424
17,13,BOLÍVAR,2017,6179.01,227.9246337319092467.16351734540174110.28446720491404120.06449209578506452.12310240755867.40693324302023122.8231914923192199.7518145360459106.21203963601889115.1839176128449297.82248631661524125.55950892995084337.591988801758297.26379324103016331.9867026356531135.3839874774742
18,13,BOLÍVAR,2018,8613.68,221.644451100929272.5491470577683295.4429212833573103.12018466465317569.929261657083769.93152016912548133.71750252257692192.59769041315525145.87023153787703123.186986457095295.5189923217113166.93409942327574314.4333526762071321.1420022009071285.9200615314594159.01168371039978
19,13,BOLÍVAR,2019,7965.09,231.5639137002852473.2252523014945987.79567015084444110.11132508334256727.302201793071576.54519315972307158.89338273439157208.5367628521992187.8044678502619198.83136079441628104.13587450672564180.58689209077065311.3145256310752348.87358457407987311.7349460998271182.32551586521743
20,13,BOLÍVAR,2020,9373.25,229.7349332709663475.5595422007628274.66238008796877102.2825293537013587.960388032658675.45972387354516181.70216353536378182.78826079304227176.36762900216107114.86885545285082139.39224278300105220.58270169110423286.6675438465458320.66364979962117242.05971865091462123.3726461000295
21,13,BOLÍVAR,2021,11514.38,259.835690433935793.7556011976597684.57272842643401131.04658269639205860.4812548076808106.51962281851964248.0256275893791230.03320086331425198.58015868457213174.20183174484572121.08439813588704260.61939533846584364.2406215731899378.6481155724163273.2071122132323143.53273133864843
22,15,BOYACÁ,2011,94.0,29.3740950829098158.294390324218578.09422850496150751.9970643177939262.7226868907380957.8350928447273564.473932533190822852.516483887498533.04050732398684447.3417137755594739.3354956088734617.10995952459443
23,15,BOYACÁ,2012,10.0,31.76419959192657747.852725783767088.3935585357674455.9308856037491967.9984086837182860.85288523022675469.021935785399483019.31650537122938.0686619950690851.4863606176390440.7550663751979419.51560035867416
24,15,BOYACÁ,2013,17.0,31.9288096768036147.752929467440689.2298290093385458.3814048609393675.6437077004260366.8404218294630372.055466592932222914.485682626419541.9214887805898755.5946176095847539.5327813760628222.12942943617969
25,15,BOYACÁ,2014,14.0,35.8914026058951153.3770014639205611.28397450337988659.8872237536985279.1287622618747568.4610809348252376.135366852162582913.76796616104243.666813268294760.7851218625134646.5704888336975824.85921671757398
26,15,BOYACÁ,2015,7.71,41.41515907075212558.4870098776450110.76489719585623663.2713066347457687.112823932170975.8223166603008386.53748461469082268.03424352681550.1352832321769768.4108070795701347.02384190491929.24039189294353
27,15,BOYACÁ,2016,14.99,42.6916390138381668.6221489207573322.5916318821127371.234457435971890.2328319613440680.1755512038451585.015129149822971882.569419578092753.3452310694491670.5554440542220550.31424643336724551.71928990754727
28,15,BOYACÁ,2017,21.99,42.2934567842750273.4322532287810427.58715860998324571.65366945891393.3299463541957481.15502305499524101.8025683929692042.875845967051266.9397561171632866.0037150604314262.3324374775995889.13296123727667
29,15,BOYACÁ,2018,16.48,43.6101986854782880.4243235593840217.57692493751750777.772042234458497.1917135199665388.41042692027969119.85532021434082311.951501720492679.3151712860435271.5538556222202379.3438039759373984.83978201313131
30,15,BOYACÁ,2019,4.24,54.92710988185477688.6675028390515114.14957146126862996.55090800766264105.7596590949223394.98359988501488128.556357465642832418.20984946823774.7494712725575474.331008366962686.4605406278271388.86122169378095
31,15,BOYACÁ,2020,6.35,62.6900832932089679.9317141924207615.24378866115273389.9612044920889289.6644651287236283.55385817885632112.542413315879571791.37833885610274.9193378757774768.9668887395656877.2048772541405183.76686289483328
32,15,BOYACÁ,2021,17.95,86.4075946674837692.231887029429416.6129252466530294.57481375178796105.9702366010914102.59251445082324136.17040580985972456.81403964508983.6153299342971482.4187335008474776.4970516032600392.16391842857291
33,17,CALDAS,2011,46.0,140.5238753638293539.84135161565824140.6337843752279138.8347503817335668.30994893678623
34,17,CALDAS,2012,16.0,140.4802078642841842.414659345945786140.06004985381412155.765730381719285.76618017645765
35,17,CALDAS,2013,8.0,170.0559881706376846.28751789773133159.4584269017997166.9927118424535388.79863036196807
36,17,CALDAS,2014,0.0,161.3284060809342646.46038853692835163.53367507226034169.4758230995576681.47272327928798
37,17,CALDAS,2015,0.0,156.6469309043328653.10497321471422163.7517122051911167.9165507065201893.44144090428838
38,17,CALDAS,2016,0.0,181.3635122630259768.10081637836716175.64550878199387185.8271805086769292.13484543696944
39,17,CALDAS,2017,0.0,175.8148272267280365.94315304094815185.597673170408199.650709454071792.88416231218316
40,17,CALDAS,2018,0.0,187.200732755769879.7232522423197178.9564633215546199.7963709525632102.87510252736116
41,17,CALDAS,2019,0.0,203.8582005903474595.78159923172689204.9787850477822209.0128057296705110.00404363701608
42,17,CALDAS,2020,0.0,198.7791796594943380.07966551278243197.86480498570026206.68609617722532113.44535563404727
43,17,CALDAS,2021,0.0,277.979071165238669.79960816922983238.11533597951367241.6580413608691128.9803428511168
44,18,CAQUETÁ,2011,3327.0,39.7764699699899646.4294702839805685.209105180655243.672713456823488.7780412155881355.71028069872942963.187255932473435.98349925770100654.884684216112320.430057522003267132.88637086458438.68027460222821300.380576768285556.8984430876808528.46910985843589357.43005800694456
45,18,CAQUETÁ,2012,3694.0,43.7276868329007353.450435219976754107.9735397799204948.3642483583229195.825379503111367.097309626769051159.298330896532241.0247622019331965.8281374774057928.66117758705682153.0875039175563849.3059433289575349.0405384844940552.03233535406490529.5312960764353182.04262070856468
46,18,CAQUETÁ,2013,4322.0,45.3466818057741760.82741028842881123.136430945619751.66585573544607108.373825881489675.753909937609681313.861158588955548.5076849346103769.9383449994486224.13739353923254166.220507402442372.69070456938925364.585787257708447.4525192834554334.8742364316717388.27612052189876
47,18,CAQUETÁ,2014,6542.0,41.7422868122359865.01943657284588143.2385032257765352.5222184442677126.7077451306948782.12471472994921511.83153549876351.6460978500730676.2732045056120933.16313202501185188.993999076575660.538306253961412.8182483132412750.096398343635740.9335526260822281.69851630956461
48,18,CAQUETÁ,2015,7712.469999999999,42.8725483735436266.21771177554169159.246235018225257.80375342040902137.2436738565644486.382799295246631558.111744697070260.2380105125581679.5778904006455731.397473249601013210.599194355751166.03176871406541439.3480166893217572.3614699297001843.2486890815812374.75804629659726
49,18,CAQUETÁ,2016,9343.11,42.8301039536211579.43114428323732201.9055921908410565.32249823306225128.81397057616292.510230689964461682.804679587174467.5390115159924783.3066073872771330.31967310751624264.530595388264490.02773167045414492.7801230221078373.1160892214595640.073718606311861.6174102802227
50,18,CAQUETÁ,2017,11793.25,49.830816432551979.1977563651345208.985692154707262.00354952850301134.26340472648806100.49098143763041804.122436850570569.9344174922763477.828838377997130.155604764999318256.4477360228587569.70853051792137558.146337007968861.91281133782390444.02277788129689666.17780520715655
51,18,CAQUETÁ,2018,11761.72,50.9802259402666870.1543290947686240.9923747130838563.09385760044309141.2882382408268797.86803886041761935.533513714466470.690667293339279.3632833865595728.78937659451138261.0136382463566692.04440224454828555.991461286606866.9446951292366645.8604220489535663.44828346171023
52,18,CAQUETÁ,2019,4511.46,77.4195898410765268.44171088916394250.6075972267599664.11250438741924147.35193755772366102.644382622475362042.142408211654873.0551987567967384.6814700125755532.49921640823671272.55874115654484101.60909856474814584.064563073384168.228470875327548.3536442093636767.29699811745292
53,18,CAQUETÁ,2020,2054.94,72.5890275254629567.79150794714896249.6433122530694465.03809742137132136.5077444099128597.122916264628591951.998950197170977.3882870001543986.647494299184739.88804695794447256.85907521480715101.68603443988681540.053031656977666.4382040880685958.97613821401366662.42356145737891
54,18,CAQUETÁ,2021,3668.6000000000004,72.0778429496901477.23993566219453306.776030563840576.73526736775766153.8715515872049116.88940524096092195.74159806616883.805285656947998.7282805677841841.45513851945498302.1530249554726397.02517471455766633.127257150901373.9522233385405560.9343539175217677.1337270581526
55,19,CAUCA,2011,6066.0,52.6609829499277666.97064840114723101.2122867928994137.88587465435864134.17605059268195168.06728336428438108.4174901946508902.271681919735138.63891131856278210.117297022109722.694377349928224106.8743184274610349.8134160411835541.1487321501593696.3248677763299451.2406326326208775.94227570284549437.0387338364822124.33437362720022120.1667164578528432.56298568563656196.141724496938846.4539590358356217.90152107080904912.439521503541289.92005891230255104.039046411174925.78128016107873152.72628929383717119.98213735675616106.23736065889696
56,19,CAUCA,2012,4327.0,63.1434336113383680.86632894633465118.9403833935175166.82054288795538175.66467191379428190.60631725169895115.1072646474808950.6574787897896144.22586537186447221.9235945774243231.41150392678183139.4428313327224555.5128984020980243.4546726983092115.9079619458886674.846780792768195.2002029093002491.1936841578873135.52261795356873192.0095670029230349.15624333209517207.0761325800793659.0521912042880819.418203382071131033.54053728576883.39644384691866139.4261708861028830.055146109742267145.88851079112516158.73615895168274112.93655270228244
57,19,CAUCA,2013,3326.0,72.0704992763593691.49759671010668130.9744049878687183.4717065207874184.36259581529956190.28405654417435136.688933190624371123.6987918689067169.50244871699823277.873285477420624.82768869965972128.8439600346761260.534734740193752.98258322761909117.8115647676384667.29499068469066106.31109361121295521.022844749951151.1464375973773179.392223702046358.05099261182296231.489516678684861.6225332326617824.052308977227121170.944226949539460.8374438161068194.5864008916939642.76047018697364187.1997975160619203.6466586989889148.38966174109663
58,19,CAUCA,2014,6389.0,78.4166704149308599.072790195811136.9281172451056192.6325683010361212.77197732412824217.9252061946928148.522106905420571383.3133869042722170.84066536775487299.5494849273653724.25164502820359135.991950276254863.0980803988651360.05528479940241123.8798311252429664.18794866814466121.8437588734057582.4620016372295167.38479279785156207.8944088825213693.19754572953636247.8025909113677664.226934405234622.6449056112141071320.836102589216662.94679636478016158.219832454816439.13358294933032198.5661038657825245.12992284838876154.70825201435562
59,19,CAUCA,2015,8660.1,83.59213531645783106.66954382959116153.00271557448423198.71661786790352330.0540552661424221.5773580645871174.654643748562021628.495785098739208.4618484170552383.0181334193432623.179031597625897180.399782160383770.9767799211864563.46738228905389140.2513541953244460.87906419479248124.6074064542625712.8181987771645185.3663619619657213.03723080033670.91477578430754329.5015320310193475.189695510275624.4146305134851459.88455424113368.74147000153508185.652758268916647.37342257065866213.0720143841203198.9173968017658184.4544988692932
60,19,CAUCA,2016,12595.439999999999,103.94305178688415114.7685356227347166.7209484382963214.7530006192304275.745700605907254.91681509471064198.72244052175321732.795882419794223.46526388450147437.112638724136225.42245118968525304.3787467835014781.4084529609924269.93035883674425152.5571379063569667.64408996184125142.27851887152482806.5495593477906219.97220309651203246.0211295358474563.77302341348441321.0466041965723375.3282410245522326.3569639170339231522.09928619351270.75602281006668200.5599620117821550.86653353447506252.27794488645645196.5405006413037174.49240307715752
61,19,CAUCA,2017,15960.31,102.14439866568236108.50941224615984173.61907837497864299.5318154210062295.4527405285342271.9083862621321211.472871068757171727.2150035600205221.9078212730778443.8370032347847342.41965235810828233.5478216621671780.5274231717584187.8849592783907142.0892300462498767.99297072869902138.955977166263771.4341889002706233.5479914760753260.507054329869273.14252335542054338.704358997567570.6082550798827528.176338768096841574.05631175502482.1747837279532231.3334283956728557.60140255062058243.6771477244571128.82527267200126170.05292783501045
62,19,CAUCA,2018,17117.07,94.7211923808818118.46478388149336190.08367229346013220.8486336997844300.2981476982226254.54295993050977232.81512028760941858.8268511930228221.1708444517417511.4462103675993536.422106230179445158.1532841560023189.9340134208767771.09669282339766145.4590236632892107.63895365753312139.41180407599626708.2646557583736240.8467416808043273.218194997439289.72385440280587339.3017253645790678.3075834999618830.7444431974822481665.265691899266875.47593091893793236.9349611914086354.63891203104122265.84010170762025116.76063028135968178.78661961407047
63,19,CAUCA,2019,17355.829999999998,99.339748672305130.15417294243107205.78839757922063223.0047728618107302.3845697904078283.7757582538965217.867294057951571887.4126004458983221.58655359561484538.235134752329444.85789390979784168.059700088323699.4758727841050685.00757716643065133.5201824510941795.970662624608157.05274308892777754.1278990235626278.767661484257292.315532602692599.59139613616284363.682668520159588.5702741223978538.029387548477971702.968527951314688.4118236950973309.803069059349761.74643648645754317.6433246616787157.86639059280614194.2703928958164
64,19,CAUCA,2020,16543.83,111.81590610421812121.90673128877883192.00217196302424230.7825426492924252.37595095006662261.09216598343824205.790430197682581824.514117128693221.81648902885934480.7724546884776445.063512511359896155.620448902734598.6251077354207894.03520580662232129.74936271434527100.01382695575923143.7841402742548753.9499577961334256.92780749688427263.3182635193545665.18601265075823384.51338375088486.6090372397460938.29090712796641719.614851699232881.63900601573762342.3030802210044563.62553091866577286.7874164507021157.97807361049442205.8212323211832
65,19,CAUCA,2021,25099.09,120.11412625657492141.09437020075526239.3678792336492257.2573186086571309.2859923760742327.3579012308246305.58642275011172082.1691061917654249.94703106852583579.589990661360351.43073501085756214.85832655417997106.72501096231328131.89101515219738132.10888867952764109.28615939279238195.45993061489844883.0465905342808332.16867830342314.7904315431145102.45543090243758404.82315303861793104.858419621185836.8865574998065361963.5849848125208102.5364245733648383.214428530905772.90644995126846365.1272272723936171.23564150852468244.4728052528931
66,20,CESAR,2011,0.0,1807.811362351139744.23587530678105102.590433890949310.74887878098167388.23921447223256
67,20,CESAR,2012,12.0,1313.559306848793347.0819834358613102.63559222764626303.1226518949329411.514408295064
68,20,CESAR,2013,13.0,930.78541647485136.547671744249975106.89580169398847294.933979839302360.9481577078567
69,20,CESAR,2014,10.0,805.061528261434934.536256468895715118.10063191975412311.2903542289107418.84792000710166
70,20,CESAR,2015,33.269999999999996,465.997038856996831.285601977833757123.04965708479202341.8294462328652439.0440600564266
71,20,CESAR,2016,26.4,699.784199911504930.080334102477945125.78346132913944380.20058323287424440.9894607636418
72,20,CESAR,2017,24.35,239.379221542514934.079791293960184137.57673418908314439.5453443892106629.2252906700082
73,20,CESAR,2018,31.1,213.093479851511829.18122741259316148.9103780872903409.998023755430951048.7595050963596
74,20,CESAR,2019,38.16,206.191272559877728.451760477264624154.43501351534633439.031534924667651119.8821949626315
75,20,CESAR,2020,32.22,213.39398891640641.18299570061348148.49774538875727426.3171844696446713.7036572563544
76,20,CESAR,2021,10.61,265.7798672699329432.95576248176798180.8849383352729555.6404415759171183.8288541809038
77,23,CÓRDOBA,2011,1088.0,48.280252423481211434.0579653122295243.0707907181048337.16754666405292593.6775295011665207.6081993179749
78,23,CÓRDOBA,2012,1046.0,60.293440990531361507.6659942733197279.859696111043745.44833994489779671.5793025730661220.34318287770225
79,23,CÓRDOBA,2013,439.0,63.585480044175261509.901948333804263.247577448559741.53380910198007703.2248647643918242.2558505828872
80,23,CÓRDOBA,2014,560.0,73.981807231129141575.7205735455168255.4681664537274344.815978776148015786.6391610615694275.6415181719027
81,23,CÓRDOBA,2015,1363.0,75.451675205907521508.9690884265722312.77444356590545.77957101555971909.4991136059866272.41903109355826
82,23,CÓRDOBA,2016,2668.29,80.517602255287971605.6158794748044341.97601063033656.14186636361079990.4278583976704301.68855633716254
83,23,CÓRDOBA,2017,4780.4400000000005,92.02880035322961682.5026520940785339.9184321029340550.461027912592671075.714127062483295.02853497002155
84,23,CÓRDOBA,2018,4636.41,87.765663736758411816.49494794257382.8965604929312661.969691792834731038.8628052758077210.1731204124378
85,23,CÓRDOBA,2019,2881.86,98.357537058739961947.9616203530427383.6353666072077114.912294757188721110.905011822094246.4551824275744
86,23,CÓRDOBA,2020,3748.82,93.455380419225261886.776744537085375.7294867255452108.734573832805991060.4071363451944272.3471544604946
87,23,CÓRDOBA,2021,5480.42,105.01973853413362299.4019555814857451.3033754208902230.59163243620971231.474199961252297.30015753541966
88,25,CUNDINAMARCA,2011,18.0,134.9343086905681461.19603382945230444.6927741370332896.17612477207136
89,25,CUNDINAMARCA,2012,0.0,121.2927945057801245.2245877945422952.25896087334522110.05869181660432
90,25,CUNDINAMARCA,2013,0.0,122.9287983748972870.4749686403647437.73679276921092105.29409442841582
91,25,CUNDINAMARCA,2014,0.0,114.3379782459508456.49684867123977537.96798524406505106.86443630817656
92,25,CUNDINAMARCA,2015,0.0,105.8848962718374372.3151346314770135.86417274475444115.18007962581024
93,25,CUNDINAMARCA,2016,0.0,135.6716895705362455.0550646961847936.60414931432673188.1081913560104
94,25,CUNDINAMARCA,2017,0.0,134.1978719739555658.7657734587969654.63502497905567163.27462700011722
95,25,CUNDINAMARCA,2018,0.0,166.100997849999372.543585380232846.5153472556992201.2552261762454
96,25,CUNDINAMARCA,2019,0.0,163.0513027614087584.2571354607431350.19431817475439182.9873225670205
97,25,CUNDINAMARCA,2020,0.0,170.6558910456264563.5688723473435249.360130358932395181.26656411007195
98,25,CUNDINAMARCA,2021,0.0,216.1163214963636789.8043265056813562.68398509981888253.1808009664228
99,27,CHOCÓ,2011,2511.0,33.65480123933045274.9070264562056415.67760041979045819.06965122832820539.8500815586284736.55205584627669110.29755631477585224.01099777179235268.96609154582818.602768191583188159.800322542998067.59934666114944834.0446866841704451.21147211604176142.964530214615128.000319834215656451.328447356671915.516566546321954700.029062824112250.14490600507241419.38396720194784781.1142302405852713.287919375563668344.4384973416284102.9604068344567666.4492017483208561.59190586025543
100,27,CHOCÓ,2012,3429.0,37.1256434939608585.3084507704329614.2143784653838720.487078360029345.732160389453233.4220858075985264.86565295957402114.89769132739852118.9834728392220722.57275046634565288.9541261285297711.94148477025466433.4313368086333876.59778973568865106.512313233011651.21714125780041458.917248920788714.37887103479468878.22676213051735.24892232722845628.853441898238287159.8931040308782517.948985740701104110.847016840136230.6973118495145684.77058678598884240.33519073588792
101,27,CHOCÓ,2013,1661.0,47.4285476096590984.8954047987217753.5945060434205721.7158121256979241.2412330243714133.80410839848336545.327600177979775111.2108134886189265.4934150738226926.151170455447627322.18243803788369.85775093560766735.7383176705984756.3855370505179561.4361772311870532.98183296168194181.356379403164116.0944665449036931036.869408329154817.14636848177581646.12355276349434217.429355627894417.82759254391956549.03920093430393144.0112551006333288.2710279307168547.783048081020254
102,27,CHOCÓ,2014,1741.0,57.10440460808716589.6314397687845983.0755582336910523.4163423530666856.6632136723930638.5876517725557756.74226621128505126.4837372067072760.411978135459226.114174398170167300.9894813557025413.17967444195502268.6917404524083558.5565557925280452.4987089193017335.0599276751312963.0428618831937120.4337133813542631077.34979962844516.93666789341890345.1639668523452230.2240163439281616.7053000318731941.09703383002852126.47607489084808121.6431677113522634.85419141838719
103,27,CHOCÓ,2015,1488.8,109.616976788068891.9634455602838954.043955746112824.2233026599554953.0736922743090642.98312091977195103.6391927719966363.474814517504862.8703429042943631.08947268756222399.272419412987611.76405998280667889.6641273903183673.4135716878985861.6045011304023139.5423049567337269.7853495758180727.0817300445665841163.9703865972121.2292131258268984.57584961155088260.851669606225522.6231986591416835.37313645404214170.83569360729444128.888589146673968.76966996164373
104,27,CHOCÓ,2016,1802.8400000000001,192.8771381450592.9790878608410857.59340719135512626.7734123049561651.3409997398358643.64789073446042167.14227290193116129.931344398844452.660053103308335.546684367442595425.748010073742515.300157805784792101.217061405848486.870269798364654.28675884742937543.48685107968357570.769094680555534.080387202346971287.62993169355323.70424711070072138.52994553589772282.6289912096653419.64210347899296533.36568800054709218.294151856207118.35163960804768117.92583425496368
105,27,CHOCÓ,2017,2610.59,72.0932950397513498.1818198899086843.2334821044770532.47733121777583460.3057904972735861.915544611849526184.45826242421464153.367232654558924.76755377535833734.404626825257964459.505783289477116.00895418898200648.8786285983048363.5295870845559656.3594727915113242.4671487682533252.3786048242517735.263163376961561330.096381331875823.1977862226928241.751167266782645288.640529567011729.0015358016016214.945624837574268201.6254394413790392.462566941662130.093025926077967
106,27,CHOCÓ,2018,2155.13,53.3403953834769983.5966096970790550.4030560522299432.2951285076016262.12534975692090550.47404792431979186.2604141026115102.15494748960637.0527005162975937.0714005628601339.052735459207723.45530973160382355.5318516045947168.8115404916208263.605593465208245.4708321018305339.4009336497072736.197353895320981390.24442770127527.4374852278094841.978380735295815332.70558629184828.073375406475413.587282703681758144.75938750350775103.694113760779243.30049913568583
107,27,CHOCÓ,2019,1248.09,63.257802594333774.3767203534407248.95122321080046431.26624840876336775.0891341225469552.98117920116496128.3037122369328125.2320528777221391.3279445069921548.201808228897285293.731205379421429.00593562913354361.5577960444912543.7904925955233573.637242012951942.8346425435188349.4194139820957544.26124247916571545.174279430394326.3109949851471941.25351067694609392.706787189413236.7403736719301820.2763679975328153.69701321292942119.77405149309868124.88285886651003
108,27,CHOCÓ,2020,1467.6399999999999,68.3257782205786375.5072787684971451.23425584443758431.09717573348747571.2512201526481250.8612461161041185.88619464320806130.0964372893389163.8528396285077547.48769812826968312.0044927143389426.53789294468435568.1713936743697463.7432951856633253.7597025386751141.620511627621949.8800191733965742.187649748295271473.211055354899625.06036452636629353.08088134595724452.147509476584732.5611987189768612.857701166143045159.52532093477106105.79677880269412243.34627194702108
109,27,CHOCÓ,2021,5060.58,69.524352445515997.4683363647634766.6074585916371436.4509445947426176.3751990331398156.014441133227415248.688873092612785.05892959263939295.4686266056866756.74314475969469423.281934270207634.61524353586228126.4589268524905859.8964307971662360.8251799105397546.7664868306767192.1324863867869749.9631059574000251659.493798293870240.5212659956162540.607583590092574427.283513539426840.7773706696212824.48667077670824191.53800288422923100.31752848096588183.7862875726204
110,44,LA GUAJIRA,2011,16.0,110.09269359829711160.143123737924
111,44,LA GUAJIRA,2012,10.0,144.205130485683041297.6585375978634
112,44,LA GUAJIRA,2013,6.0,162.326170197366541448.998148890363
113,44,LA GUAJIRA,2014,0.0,177.731855038275231490.6072730883366
114,44,LA GUAJIRA,2015,0.0,257.09587340044521567.934587507661
115,44,LA GUAJIRA,2016,0.0,234.639328438717031830.477239684497
116,44,LA GUAJIRA,2017,1.69,263.42800104205832009.71493813637
117,44,LA GUAJIRA,2018,1.61,282.79640558753422132.723288983334
118,44,LA GUAJIRA,2019,0.0,292.9896014540052265.6288931330982
119,44,LA GUAJIRA,2020,0.0,264.80606832551422259.9171812866975
120,44,LA GUAJIRA,2021,0.0,341.537844302058262509.392078051984
121,47,MAGDALENA,2011,46.0,194.673076045206741.488635228121299.07034870460523018.285222648469
122,47,MAGDALENA,2012,37.0,196.13142944192757756.9883156375962305.014890870377143418.014133909705
123,47,MAGDALENA,2013,37.0,206.83246524074684810.4888587124983325.42865682435313770.9178600576815
124,47,MAGDALENA,2014,9.0,217.95648981275264854.5046754716386337.01906137686843888.776602718165
125,47,MAGDALENA,2015,6.81,232.92238990867875920.4759228251564367.456733971977664541.020129075489
126,47,MAGDALENA,2016,34.93,265.568415711043431098.6632446277204402.162503380170164992.449017472193
127,47,MAGDALENA,2017,7.88,278.79916869530281131.2475912324844429.99715532218515328.606514551179
128,47,MAGDALENA,2018,12.45,293.759762899440831230.6772319606075469.03975560816875712.8976754041
129,47,MAGDALENA,2019,6.88,300.99845367350921307.3585842969435493.96777126982616030.382324368136
130,47,MAGDALENA,2020,2.07,276.7624294431531318.745282127051471.17240939733335875.812485560042
131,47,MAGDALENA,2021,2.49,351.201566093021261524.0563881974929597.3560780383286755.695669034327
132,50,META,2011,3039.0,73.20614292632243270.1258976875043365.6656386760206990.3617324453406869.7228868005275614526.513405793215132.8243106839118524.8998470137057118.0591255168688796.84259029433338389.672791244669772.03120119144438147.00738425273337
133,50,META,2012,2699.0,79.52606489540084280.245107789243575.58643463370541116.6840246961008879.4518150535132616134.790624044685178.0336298787006578.3844981749072110.9579562467012122.55409039267562457.3479793318565571.85309415978236168.51217799424364
134,50,META,2013,2898.0,98.42063293638168267.7496103654824591.13575909732344114.6326378812418383.2665559240410317092.443144200883188.93503003284897631.5621862602275139.07908064719993128.46367341631054490.5068570812323476.60111476115108202.5257474993876
135,50,META,2014,5042.0,120.93060183223491226.619906164340591.49855426123722121.0630100772656685.0405676305869314436.320281936292181.04282978707957792.2643390552498168.71637814164654118.03440209517248457.754594226993681.73414809692062229.0347855231476
136,50,META,2015,5002.02,153.0958097555559236.6525536802759698.34158247383888130.6674721525879115.137243810619148996.442954077407197.18348050107835913.3372172226666178.23991434623707128.09495461738751464.22620307706388.6984972407547248.66720804132024
137,50,META,2016,5463.87,182.67990835921324232.96260956431425109.3505595059584134.4090409420994157.796631652034856101.624114768348192.38646560270212980.7293855477816196.75089319441736129.26099936282372327.5346312800865689.82748812476339247.46891807075173
138,50,META,2017,5577.21,211.4451599440857216.94712977221675107.60161477342592160.1890200287265173.19436631191547563.624007732777207.18552508610745945.8708808597084324.1521104393702182.1675706458218413.09270788279287104.7862080755748266.3075329277185
139,50,META,2018,2944.59,231.07164245266688267.52544702698947116.45409403339868130.0476258859797157.74505123324099563.027134159162231.478524816002251013.0283678220646283.2965473258037172.16497152711003477.3229413162498578.45520832319835180.8176676456728
140,50,META,2019,1465.5700000000002,348.8548801100311316.0738041105399109.91108172409592143.40284899582937156.606982274954610180.55064053669252.189794413962721032.8667063150576342.20439224369235.43066346263555633.44535727261117.32857849552336287.69696066036124
141,50,META,2020,1234.86,231.3179198353696322.51792878259903117.3674099948506130.3872630594805178.65237374562116742.392163727108262.98847609803961128.1282825304806234.02818903340267213.12782084169996602.3412325959936135.83630729341573288.12170707500076
142,50,META,2021,1639.82,331.75060681474304368.3168622569112152.0495994303097146.65386014838282221.658217205189439810.726025876656324.891062042373851226.0225393664946577.0784922158921213.14506385895388712.7575550637963150.4539523426931340.0745578998289
143,52,NARIÑO,2011,17231.0,35.487111012151026157.8761551081943897.7335242640738852.7944479281309244.9244180139324163.5459112552462380.3627153846164231.56723501045374365.4885688983198731.1273676846705931.8673373812357263.06320503376528633.17181497858643666.07407901567464.0219627753116129.61503111044722317.62577509571005833.84366180529434638.5398682509549844.79892916236113443.2199761357255625.11920019560414722.694211306762757.1930353207523341.74988074617717640.3623122712584348.278017176955331.778884735743404129.1083936822670448.7545028557662988.3213993909714569.2957369562344633.05112717752948905.836387045345
144,52,NARIÑO,2012,10733.0,35.232126126608854162.63765571258153109.647949914313357.4354242996836142.6402471572747865.8843359385591992.9949558183146850.5534178480641161.51573333210869528.1503757586062836.7414839616221963.51277871714834.32516991233316708.664068764354559.4814395732936134.8209747544359421.31576235181914640.5516192847341938.29005065950657660.3730658637451860.8152225643370125.8881652608331726.79224790765205553.4361249944316945.1536732636865340.0604088408584748.82618973954960587.83080668899402133.2755555530024853.7903136683520691.89890891630536144.2056779985748630.935131681808784946.0776213182776
145,52,NARIÑO,2013,13177.0,41.25784915942761130.22697328170943117.9663238273242662.445417637525640.63982462117965670.29691301978107101.4977293184545235.5014602674914571.5836714479239532.487940772479738.1664118517073582.0868413576275834.92767233819092820.247666359233864.5046875180206524.67259899244381323.4973987722200544.584941209021144.4951817196278256.04863561140087103.0529255607441428.46620067969339730.1563762841938559.8759373792334253.0632032551322543.14338173346753545.24075748473973127.07582898129132129.2255954947364466.88796105806401104.7443539365680775.5943123097263636.209704387121725999.0900354301612
146,52,NARIÑO,2014,17285.0,44.47738780801888244.6955649711574129.662312393354969.9436863501500245.10496061317570677.64827546610105108.4073500334493833.62334543718236138.3367361539581636.3957483076768840.40644470384001680.324163485686537.35254768270255933.024512372629668.1193345830206224.07401167659071525.0379509135009349.6049522835515747.874559704987156.895340485115575123.287182326825630.57231667487181430.546633355491161.4715537898454952.8766501984576543.1343870224381655.9772090688823390.06258530934674140.5484672304168370.07344708298015110.2736834569899140.1042062433097438.269326491239751085.9743930503096
147,52,NARIÑO,2015,29755.49,47.03771834564743273.9537785925535129.6501065660508577.6277871628911851.199648927190178.98216342756041121.233197707854736.00356466086302126.119873217471951.0377046022947542.7334569152240589.7533398897936441.81654974354879963.53032987231664.9762834705937823.73061384157711723.79789522457012749.2430265487664654.0499774285404762.27965274376974132.7144015116483632.1926979066342731.83975559764133666.5166627043463454.4195724173400947.3763559131266557.9359080635089690.3802517954592143.92341161276778.78485025589634116.21712205230438146.8364812498343242.558084250731991334.7763574679684
148,52,NARIÑO,2016,42627.380000000005,40.002232699468905327.80553517068506145.2112824774734587.6734898913345159.730466445445690.63264394502244137.7240517148876238.65365098820664154.7060927438989546.9313256629774346.1826286700404688.8801644514286150.579814296243361094.90562657751366.6724012086131728.03747143840861629.5116512080004950.6498374056780458.03444753575186664.7603872619019164.2418306676457638.9123338494634932.5661169860340681.1384725249248557.3442218604554250.5007422326770361.4127984233149897.4894002016008164.3539789512730681.85159452780111120.33701737301077231.223272132458747.4718970135488261643.741336049787
149,52,NARIÑO,2017,45734.62,43.793018041015285.67230517840653173.5945231068443577.5587521923363453.5964167981543197.22439103027077142.4912310205180641.45236322810966128.1539492947571561.06818843375873560.3802084235783895.5583405614233458.709506933152331194.568526894866682.5139492997357433.34980368706105529.77793950124990458.3455000381077263.01633347454773663.0452230958477996.7052967623737243.6347556786948634.6148258612229688.121776357292561.6362997054323758.1430922956400270.680734030123459.48168563065278173.993842540266287.07948682116353130.4870961845121388.9424513697628152.413895254261311397.7144634992335
150,52,NARIÑO,2018,41903.31,51.631263403877554245.72958421258997185.289577247398169.959116507822351.73573694218572127.12503711653358149.631871817840944.883425208741016130.7114530995559784.2529673355357468.98277941908728109.6181762084088453.921831649292271266.52464374661181.1262149537407730.14357661403200727.3960130646994560.8723466178780271.323035223871367.7351179323504266.78799103211441.3220033948129136.7393785699017585.904643121496966.3939022074142763.8286893852243480.689906857221952.86319239190229195.5353565199290593.94521449418936129.2847296044367652.0371370163000953.916819165854221525.2422157361764
151,52,NARIÑO,2019,36964.26,56.72349645817373293.2756591276317206.063330984961874.1208930324838361.735744302812165119.11464585115512155.9104932805039741.75039037356035134.251167423568765.3973986222626453.69434495235534117.5757678276409245.4171180618317651321.830717708633882.2829472211015132.6184001688924526.6025485264260569.3353352829813672.8023043251617766.2384959014255871.8471402684232945.5390540326639337.5917543455382493.0319510039636862.0313251872459159.01997059941669587.1176463221421851.874089975869765168.4830912577102.7490818736598162.71340460821705114.545645357949943.814678514756691923.6834103176916
152,52,NARIÑO,2020,30751.379999999997,59.13110524531035258.5804373464784201.175258897576177.4203150508921959.90189191524305100.73615017990801147.10160531040142.19526644668093159.475642233876256.414264824535095117.39668589391789113.811238045988542.8085398576984841261.0449684670185.7610494185552937.4846257816796726.49083045360027564.9309052476958876.6693698128796454.9303391263264572.858078923448646.37029975057054535.90232135895751581.607749325045565.2560139538737361.21494998642902682.0081741052081845.35590308681074176.41297193327682106.22178617074057157.97948919215537125.4628044005999646.3326600069569851777.1081917703839
153,52,NARIÑO,2021,56515.94,59.8644745249164284.70520232207684234.5146691042789788.1764911667075270.03690124874731115.4826835092214177.3535179386646251.221113432776775138.151757160369865.3752582007882293.7634315969748136.689717646236650.658138017884131442.1202880228163102.8907926714106436.5584041776948829.1812840026862865.6302034777645482.19699598304665.0998425357168267.8023118422407355.5162436092050441.5649847025135694.0522652124773778.1953301626061174.82106105620507106.50958076810836136.2108966005272208.8234360233077121.47752962220788167.70392430822275137.5062905702038759.008324766579072068.429023512939
154,54,NORTE DE SANTANDER,2011,3490.0,150.2324664470234624.73982927051134743.2764375075880393.021782182412044932.11012502709975.519053615449655.00994296231256247.067845381080845.1130029739656172.9021665743973340.9647088065591825.218782077871644570.273936797093571.04494587215547217.507310324267269.70932185376387368.336144803843176.00451085903956
155,54,NORTE DE SANTANDER,2012,4515.0,138.061333219954425.21391871735108545.430441711049198.351841363491745172.57791504319473.936146116393358.77337467182011257.60886031159248.0142840908927481.3803708007033344.12040101163841423.17620101250435593.785215462671472.48690649514288230.137472540116176.4856853012565418.695928778998576.96093798691595
156,54,NORTE DE SANTANDER,2013,6345.0,165.3846498970876328.7029194939022951.66702377393949109.966736636389785729.14000329618581.3905918724462267.99743453802634259.350068464253251.9927962103572786.6685720308145455.95826446379524626.39738754557599667.729370597527571.92079118870109203.7382128475185383.94208815131495366.847110523760484.00740487783062
157,54,NORTE DE SANTANDER,2014,6944.0,169.033350660425731.645092475293156.39034697694226106.70905512490725998.33632790935683.085370408371.16264232007914287.4905301801660551.56306608420774101.2003819362693268.1537550094320327.588004433665866796.418974846449671.93616641319962195.0534508994273390.01465340256286402.349504544575489.05061857582731
158,54,NORTE DE SANTANDER,2015,11527.11,170.6799424605945336.0895050959759261.42127405345121104.890925554509626340.9051512797390.6902808071969179.71870577397758332.638007360420658.218640608429816102.3986356937738475.8216571763886731.35298149734201816.272015118653165.1026618358486227.411342596511995.71884156222944481.5559593625094493.59622429728618
159,54,NORTE DE SANTANDER,2016,24830.61,185.2070904322849342.2725428377553665.2202441508602107.493623914155367455.621723319728106.9369597426335685.18435611472427385.7873051257797765.37183248944055107.7005491148127283.3686925572253436.25119870101837785.209203273916380.74453746000646253.148658182368117.89000720601102481.495768828812103.7553531537015
160,54,NORTE DE SANTANDER,2017,28244.27,196.82008131574446.560922219318870.21179646239932112.409112802536537799.826265667127118.4093462560328286.05788877868244397.122853842117763.57146033784775125.92361926630268.8558383628622347.31119932591324746.204639367885483.7793870667495305.3707471897581101.46298252260829546.7200682386409111.81915587790792
161,54,NORTE DE SANTANDER,2018,33597.87,214.345612249558242.8843869045285772.39928963191218132.264696607479758514.12650896276113.73234274486629105.17897464783366300.264045114657867.24062730734855110.87927833509489.9940674571912541.53586375089623820.044447979524491.91034595560696344.2922601042056102.36698583672296533.5033228790511110.58476838731414
162,54,NORTE DE SANTANDER,2019,41710.97,269.795534664795350.3821471864314178.33035534182476134.248194536871358969.709623036237127.0263134289825103.65487049646195296.1795885363577663.22806082881117136.5530099758791288.8041632080338646.24535297981363909.700797883850894.77221040833018303.9063480824960496.83356775327198497.3453024073536147.64098329060272
163,54,NORTE DE SANTANDER,2020,40083.7,377.118656030337637.1925369274996274.22444639524628121.123084420594158655.692838787654139.1451602918991797.41847408342589234.8175666687674356.57140372513206121.78274213910612135.177927374405938.07624666622496863.9932304353131158.6759398753592213.89511508200047110.85603940280531427.06850948127413135.69178257858317
164,54,NORTE DE SANTANDER,2021,42565.149999999994,452.123313675814446.6067355279381887.51579213479134150.8019206521456710054.711894966851161.01345118623453117.2505488467285301.65522882251370.52437834846866161.2038576574122158.9205873982711546.937125695406151015.6955377367416148.19096421427565263.38370799188743114.9360262317209573.3015035390723165.55220874357516
165,68,SANTANDER,2011,595.0,81.2108360986838763.6694493286942175.320237019727425.361570391669964308.146481223948922.21221657252062426.81185066004008168.4320670059940728.13727425904706106.5421543194898435.5075122954266120.800214359580443.5606377421217945.1375661198391935.90142413810542119.346346666178926.26217628539174255.54689571307944599.3832420322889683.5350568741837542.352582520558731.7078979561434662.77791285517236305.210555183118145.625929388254285158.41391459418185
166,68,SANTANDER,2012,110.0,75.6398859078672558.2116468849842889.229500402071726.54639740682513368.883556321448824.9752309055524729.52153199087393174.2884818173032524.96899811589721119.06768114253436.5309885093199125.51424881276223649.3212513920510749.23832068791888637.5109403120171121.4542734394523828.8405021580937774.26057869539684618.3729697164849776.3145113974248569.937643475167433.9890732733469375.30512394640401309.268419141317651.76895676089703181.45279999786263
167,68,SANTANDER,2013,77.0,104.100768346977860.061866162915855110.1369166651356431.52716256855392517.147434570952830.6335983782461432.934799100855585190.857780243468532.707201890902745133.250673053117141.29045684220200524.532730842612852.7014441227401759.1475654913653648.98461812644919129.8196876986495736.1474880348351574.50967625184376660.9710383901161790.0611308509015548.357697361986237.2491455630280892.64961697237136345.198951311451156.99796135264384206.882474099258
168,68,SANTANDER,2014,25.0,100.78217307356768.26774660164729132.9380305463449835.96987681274885508.926088610561736.5332873909648135.77511112948139184.655949502999636.40654697934696142.9823399944396645.869190437977227.5077774680411757.95506061770948563.8036714349798552.835143682510335128.6644224171504341.3328018395249682.02775104878583621.9219830403887854.6814786480813528.303606528689443.11067871544274599.03451001564122375.852727595581663.64362890872217225.2646508736504
169,68,SANTANDER,2015,20.66,119.1240191669902279.95960491830166127.228640234887145.261554588110855508.772770260550540.2337207346968335.32250888992794204.5561578551382537.40239836716937151.2409180784422347.0227078214549731.2907167362828864.771812356839264.2291749380070252.88451687199438133.6545744064961847.20019246705136693.59906453991076714.5869597294321746.173529347873530.920239956506247.2766298792969594.29494005580744380.8445695857701664.22162929813976214.2217747196813
170,68,SANTANDER,2016,37.24,147.27576751791906168.3962710409155137.2352792233093651.35746845790662591.000052277363743.7550330002330435.906002874833235.9167034860383638.857412495527655173.0549038573032368.2767842878882233.6182708758203669.3597501220298265.3179274164797648.66255648119453145.2742621106683659.69789896329982100.95517004959146725.910836270779672.1489790253248610.372230460602950.81410524789096109.1495983403112414.837572976560475.30503437080849235.0443071396309
171,68,SANTANDER,2017,29.990000000000002,132.62963505035486155.1035704456016149.6445815240529744.47855786783755644.021122684567443.6437635043318736.5123132312855213.969891469669138.5173847568557152.3889295837216270.0960854310431.88064615671266547.5796736788479762.2979448802080146.841152911966105151.1596914490337452.263048180387656103.13185950881756816.0225901950638732.8084018131045589.517728956010539.16555724653364104.19323907619447425.751249273226669.47933711349816258.7606396427093
172,68,SANTANDER,2018,20.58,129.17110040282853208.5212018879716150.9037760982983255.59222353480559684.598165547094642.7198134189048942.22026376583974173.921211563834343.25354915221818161.941725750979573.265258001112733.42780100117485657.04729310358790466.4979443471531249.60808242438848166.5623290081106258.51503400121015106.18338789633816878.7559493985831746.5381861542666536.107158347321540.52502563257915125.48742825756972490.371871578945267.44246578571143281.14940680452014
173,68,SANTANDER,2019,2.3899999999999997,183.1314054783037205.62772305667735150.806207911609853.85568072925834725.548127381976953.3503004614342439.39655652274058290.4007043167996548.039197710284206169.7917468914883272.9426886318654436.3979179656941354.7622127636297965.8514754643045152.43944661940308167.9010631483970462.05483382377844118.165145205970871159.9815866232454773.7019453828682556.347908536796740.73841808671167133.91656601515697504.943391436590974.6267328157481302.3753642628456
174,68,SANTANDER,2020,3.12,231.31194685993643180.3841945504497142.4652616948285450.04531586954211670.695622546220545.7804062225347542.66659539166461299.5999202664171444.652983154790114163.020259161456170.3841935053807136.0710212191711650.7984838478942763.256871486569259.337768454667135162.031992819882567.59136229800455118.1626848480386684.4688988954813716.0898873479526518.011530718362841.82789726551067123.27266096335282498.353622430804369.893593940508290.125907281028
175,68,SANTANDER,2021,10.12,180.35702764212024231.10226360764915165.0543973944910851.60052408469152789.952593281460462.2346342090718146.20050570774541305.987742213853253.93942722930847219.6745755554840494.1221004194642544.0080537265579762.9710943963434480.7252136186795655.952257979874894193.367158752315181.39054451621164.7368985262099824.3883330045333966.8484664015564663.317279669825744.72700251731669173.5081870681219608.129406085917572.81206878949365337.3936868322815
176,76,VALLE DEL CAUCA,2011,981.0,127.198498232425582679.64185305744623894.92874849109170.03747810611995358.866860810056661144.15200445404822256.236208161792
177,76,VALLE DEL CAUCA,2012,482.0,140.447608490002663008.6281457957226362.633185057268165.157159047571371.95393565612791234.9040357539342420.1368104802264
178,76,VALLE DEL CAUCA,2013,398.0,143.136553338589323147.12607248616828322.449736068465194.0597822700173434.27902333465171421.12202655960282425.581392376924
179,76,VALLE DEL CAUCA,2014,561.0,159.937537362675583426.16799270664530617.799310594644204.27375659738965502.39440855201851524.3280456526322544.2810368334463
180,76,VALLE DEL CAUCA,2015,689.98,168.75302766876323578.6903797201532673.57364559536217.27437456925543561.12800110568421720.09759270292762570.2252455879825
181,76,VALLE DEL CAUCA,2016,751.9300000000001,182.942532436393323707.82917202125735666.454961910815217.5613675331967623.72282308132981940.14813319079963021.4608933165737
182,76,VALLE DEL CAUCA,2017,1261.3100000000002,181.12384695462083893.10583102209538161.17538396632220.55591418571896638.15061325141462157.9662385023323269.579875537028
183,76,VALLE DEL CAUCA,2018,1270.56,213.42671369932014178.6400698355340703.27972091906255.783428085583776.08340882627162343.3687024402993511.7242030955804
184,76,VALLE DEL CAUCA,2019,2329.0,208.704052415230654151.32321717936443780.06613808904318.4262746034637902.31765943179062733.4934146116253646.709820932874
185,76,VALLE DEL CAUCA,2020,1937.86,243.281434792823383994.15926929579342625.90075773976318.38698799712745856.61821442441982480.6704645735833511.409924255927
186,76,VALLE DEL CAUCA,2021,2589.6400000000003,330.56922891457624769.730146026553548331.43526721086479.95575029874251008.48404043825422907.9142856518244014.81017799787
187,81,ARAUCA,2011,133.0,1790.035111162915138.1354016963384548.96681582928673350.5096546390138455.8231005721068
188,81,ARAUCA,2012,82.0,1731.7429038188343154.041449712048349.34303264239218363.1574072675173489.766817191193
189,81,ARAUCA,2013,69.0,1509.3765015840438161.8594512823465350.2381680769961400.2277308462804529.609105648381
190,81,ARAUCA,2014,26.0,1357.386025841733178.7262745193539855.90238175265084444.83280167703936548.8160061590354
191,81,ARAUCA,2015,17.13,928.0452180649418210.119019393226562.47747789634537505.0423255928538604.7531423097349
192,81,ARAUCA,2016,8.91,766.817727205861186.556222272297162.09472206403878466.5108046351432835.4750024848674
193,81,ARAUCA,2017,121.22,771.8231964088228205.481336472800460.72917536638612470.1345944232671858.7119792507057
194,81,ARAUCA,2018,7.44,985.3242709565664234.6572442082989264.7410516861204492.3031191035812957.0419873781144
195,81,ARAUCA,2019,0.0,1246.7263967461186269.414768666436174.29616615149139537.23397999913741138.6646083935264
196,81,ARAUCA,2020,0.0,1204.1176529917566234.2645825837083281.01582072100148553.7824566578191084.9601374084548
197,81,ARAUCA,2021,0.0,1609.4857947085063276.694716834235199.15219244331897641.21496188080931437.3208042022857
198,86,PUTUMAYO,2011,9952.0,425.313736122021581.8920080974461792.472249267356171.0376824345597798.421354608610878.7360965355839108.0044078101863625.9960768943126142.811270901536321078.7441823940624
199,86,PUTUMAYO,2012,6148.0,444.30371521510745608.5852602158463831.522105998413776.94670512468868107.1872733804799493.85976531364444111.5576424427901828.34775436984349158.690113777956071071.597329336599
200,86,PUTUMAYO,2013,7667.0,579.5275727763038578.18550301450361230.360390018997486.72886550696661116.77766830311802100.01183259368398194.362380687895736.2819062147302142.815837531940281207.4097587923227
201,86,PUTUMAYO,2014,13609.0,672.3913509821535532.19591145797341339.93030437291872.34356183276235128.3486866272494110.19331474109453202.5349794625542533.50451713287528179.18526046550522974.4195801595602
202,86,PUTUMAYO,2015,20067.63,643.0111369890305424.3615730754031892.380477425903383.66329780029051139.85083477052797120.2090626982226160.3083100747274240.83790451578839190.206834154462551.9773983653681
203,86,PUTUMAYO,2016,25162.41,631.2505492322526467.9497764694979719.82688715777574.83426793962597170.75551782698244127.2574033646359153.002727975472152.43084960379458203.81523306492147444.9590459789353
204,86,PUTUMAYO,2017,29588.97,657.2486265718117451.17558207792825900.833019703638279.260027324392164.30469762741282139.96224844154642166.632158666706853.768470737585815209.19562088777067510.2184765322855
205,86,PUTUMAYO,2018,26407.56,677.2217823767049527.04094911044611101.75229414025585.41784848109612182.51264848604055146.80206929240356197.55045592452656.33739030773401224.0573338595208539.5113304907853
206,86,PUTUMAYO,2019,24972.91,725.6652051089671523.56841707085821068.2891407459192.40875997709443213.9401209755764167.7965748904037180.660435788650855.405477047247210.36950475332543499.1683707701926
207,86,PUTUMAYO,2020,19986.18,616.0584145895476469.5790730377949744.960761105332588.45510658450576188.81604260024258168.88265989521219161.897514356866550.73425098386421195.17489739426173349.2580811243305
208,86,PUTUMAYO,2021,28205.21,737.0303206290769646.22040474216211060.4278995668435108.61848292240369222.98172926745767188.61586929388383190.6672092952195256.40089752004876225.512642245154479.4701365250166
209,91,AMAZONAS,2011,122.0,8.20273359294341411.4440219064453328.179390405731562.08948099956536253.4054925972858462.43452383186963763.39605499274754675.370963018923274
210,91,AMAZONAS,2012,98.0,10.74354448563655112.5691223963652139.6499822273132862.3021577957781653.7805809726156762.76178453307699943.2807791299477586.4279893537339365
211,91,AMAZONAS,2013,110.0,9.81032890244470217.2633534055426611.5010260829149691.87644295385839893.4242576874868325.0698227672605223.6149676873572946.62053022509034
212,91,AMAZONAS,2014,173.0,10.19772136175741819.9391373527469313.0367057497104891.96788253729061833.5388350285134025.7445339717367153.54054421814269257.103635798590325
213,91,AMAZONAS,2015,111.17,11.09179085060868923.80553640490756715.3460724483528642.2299612833595183.8938311890834136.8720244281996483.6546894236020077.978304816058463
214,91,AMAZONAS,2016,166.77,11.17446344736339.34385421753325415.708006067862312.7366847512609584.7287267895122965.0394129263069273.9012933089947859.278946183554888
215,91,AMAZONAS,2017,165.62,11.6268529624888129.53662506185170315.7507271205290852.65344600782162584.2753381548806465.3177550463849943.97984770269611379.247246964583107
216,91,AMAZONAS,2018,121.64999999999999,12.50495786782528810.35175685033776817.1110385681693342.88004306300522034.6141636809991195.8969505791093944.3310307178793910.00342157500264
217,91,AMAZONAS,2019,124.64,13.6299961148601528.77527174003954318.2834336070706843.09314396703254255.68051913286876.2853203401491584.81781292419908310.70936982149139
218,91,AMAZONAS,2020,61.45,13.2935379100243258.25172476439871316.2807544573571832.91248704603416945.3398362719452566.1507075696300124.5153080317807219.281212126967938
219,91,AMAZONAS,2021,72.76,14.416020203062738.74238950154775417.9542605700417043.131578902675585.6243822356700766.8475720649824185.05541850923032610.1191083661342
220,94,GUAINÍA,2011,318.0,10.258174777351831157.878124550886875.3857105034191351.6862452909512414.5362745599228779.337424883244704
221,94,GUAINÍA,2012,301.0,12.388004438680127177.033470048118325.2168679181480351.94600263493941045.16950437737365510.581427654469676
222,94,GUAINÍA,2013,81.0,11.078792905576323205.921336959336835.5801054835882052.2277396993902125.8848671363140768.72399289959527
223,94,GUAINÍA,2014,66.0,16.004676910679606216.30666182108655.6828834095193352.3881073887460186.2223927004164179.119524582705186
224,94,GUAINÍA,2015,36.730000000000004,19.301599426717694241.38257639376746.0979625175358872.66654988845908846.89688653733796610.025509159476805
225,94,GUAINÍA,2016,21.61,27.939174152216047248.23566909095476.96910878314752852.86591885716666637.303724590753545510.447594887117369
226,94,GUAINÍA,2017,30.54,22.141793963964652254.923895404072036.7206457014425054.6478280514899177.77659450417238511.024198919633616
227,94,GUAINÍA,2018,41.22,20.90918538218839273.132860170791848.2432636702836375.25366394671340410.64342680230928214.898983451370151
228,94,GUAINÍA,2019,22.27,31.53851305855398296.36392786775658.0963408444204673.532607950747538.81125160400366512.517952782208582
229,94,GUAINÍA,2020,19.15,34.02653573980031284.5953533657671-3.593779876900289.054968471221812.808247767406309
230,94,GUAINÍA,2021,48.69,68.94702647650104310.22006359162270.04.48276641140549410.59681386847309515.116627057211494
231,95,GUAVIARE,2011,6839.0,51.0929420372740673.2819431694431843.967869168153015298.8467472832522
232,95,GUAVIARE,2012,3850.0,48.8949837061522485.1224845870989437.71618484680538340.5918559284694
233,95,GUAVIARE,2013,4725.0,50.9821682646127795.9927750180355239.78914026523962364.7619545195132
234,95,GUAVIARE,2014,5658.0,48.72745868710624107.318689117585240.27906376596936400.9376841316298
235,95,GUAVIARE,2015,5423.12,54.12337325946256117.1388721896089646.308100671698966436.00148392248377
236,95,GUAVIARE,2016,6837.99,57.863323113998106124.3325377831741649.90047637892151462.0031998786631
237,95,GUAVIARE,2017,4922.67,58.58706809424663127.8413472803422348.548521745855545495.5942463952052
238,95,GUAVIARE,2018,4339.96,73.43568096585595127.3352198238481852.56062406594253500.73927997020286
239,95,GUAVIARE,2019,3118.85,80.4520883611792125.1501455805608551.93761292149024543.3866048966659
240,95,GUAVIARE,2020,3226.65,89.56124963838027123.1622243090992651.49522826994015528.7415847009163
241,95,GUAVIARE,2021,4435.219999999999,100.3621877592198149.4256117181323355.70174165074127603.855326614836
242,97,VAUPÉS,2011,277.0,14.294651168938914108.980410640753769.9211075230725341.8146247342107647.0438892492731482.636452627583721
243,97,VAUPÉS,2012,254.0,14.977785817817503120.9960776042019610.1258664496177761.91135156651221658.7241726243946862.7391425015375543
244,97,VAUPÉS,2013,184.0,23.952932772658563130.441270467179610.94928047985832.08059520645890513.2846476893626933.0392001300504967
245,97,VAUPÉS,2014,109.0,23.64328803418463149.2579441953409411.3190215773273162.10829702317157621.2842248715478063.140277749804619
246,97,VAUPÉS,2015,32.64,28.3865947132394158.8079326856884311.5773032818882062.020741513021808722.598425528052333.0496688467936366
247,97,VAUPÉS,2016,96.66,22.050450972991307180.5651857780508714.4899932434931082.343852045661838420.5312542704927353.5058316384523485
248,97,VAUPÉS,2017,105.46,22.53732487807636198.557222939251615.1239363520760562.32784873023465712.8497569905103173.462723322370206
249,97,VAUPÉS,2018,64.74,21.690211521292813215.392126828770416.8134132617722052.518103085839660712.2714276090771173.718032582510981
250,97,VAUPÉS,2019,25.95,24.802353376984087229.665880679721514.134712506729642.478132923642383518.6481604199708573.544543501411664
251,97,VAUPÉS,2020,39.33,24.881749066544888222.4293532861234413.3989482088241362.349434983024494717.8677492205126753.2800083046124584
252,97,VAUPÉS,2021,28.81,25.86501555379968257.0363552202759415.3625532909282492.690512350158632821.739516150275483.7799905586348
253,99,VICHADA,2011,2264.0,200.1057206991660861.75985542985626.95242857663977
254,99,VICHADA,2012,1242.0,224.2105969787341275.468876371192228.747678501510663
255,99,VICHADA,2013,713.0,229.7134742147192478.545525005940340.30638939928443
256,99,VICHADA,2014,511.0,232.5100947812583276.2666058988380441.69551125983168
257,99,VICHADA,2015,683.14,273.9634825276874682.3208672672568438.27606285888366
258,99,VICHADA,2016,699.19,316.87787212264286.3430725154951737.16469743808754
259,99,VICHADA,2017,652.72,310.4089762314385495.9075989529490948.69345829393012
260,99,VICHADA,2018,549.97,272.8310337005456170.9610443943612743.86221361791616
261,99,VICHADA,2019,245.3,275.69499974691104196.6881197856871259.19490372580504
262,99,VICHADA,2020,120.98,275.8686715828106184.4190646533671.61163339387991
263,99,VICHADA,2021,310.83,311.89888724291444205.87702002174956103.33057172200525
